0.580,0.440,0.570,0.130,0.500,0.000,0.540,0.220,0
0.480,0.450,0.590,0.200,0.500,0.000,0.580,0.340,0
0.430,0.390,0.540,0.210,0.500,0.000,0.530,0.270,0
0.420,0.370,0.590,0.200,0.500,0.000,0.520,0.290,0
0.580,0.470,0.540,0.110,0.500,0.000,0.510,0.260,0
0.500,0.340,0.550,0.210,0.500,0.000,0.490,0.220,0
0.610,0.600,0.550,0.210,0.500,0.000,0.500,0.250,0
0.530,0.540,0.430,0.100,0.500,0.000,0.570,0.320,0
0.330,0.550,0.510,0.430,0.500,0.000,0.510,0.220,0
0.530,0.310,0.580,0.390,0.500,0.000,0.470,0.370,0
0.450,0.460,0.550,0.430,0.500,0.000,0.550,0.380,0
0.370,0.320,0.470,0.180,0.500,0.000,0.450,0.250,0
0.480,0.430,0.510,0.320,0.500,0.000,0.520,0.430,0
0.410,0.460,0.590,0.190,0.500,0.000,0.580,0.270,0
0.500,0.520,0.590,0.300,0.500,0.000,0.510,0.350,0
0.330,0.430,0.640,0.160,0.500,0.000,0.520,0.520,0
0.440,0.520,0.410,0.230,0.500,0.000,0.510,0.220,0
0.300,0.320,0.570,0.190,0.500,0.000,0.480,0.550,0
0.450,0.510,0.500,0.160,0.500,0.000,0.520,1.000,0
0.400,0.380,0.530,0.160,0.500,0.000,0.520,0.270,0
0.530,0.510,0.550,0.050,0.500,0.000,0.450,0.250,0
0.620,0.510,0.520,0.420,0.500,0.000,0.540,0.270,0
0.350,0.580,0.540,0.160,0.500,0.000,0.510,0.220,0
0.480,0.540,0.500,0.170,0.500,0.000,0.530,0.220,0
0.470,0.320,0.640,0.300,0.500,0.000,0.630,0.220,0
0.580,0.480,0.510,0.470,0.500,0.000,0.550,0.220,0
0.640,0.600,0.570,0.190,0.500,0.000,0.430,0.220,0
0.280,0.370,0.610,0.090,0.500,0.000,0.520,0.550,0
0.260,0.360,0.470,0.340,0.500,0.000,0.530,0.720,0
0.360,0.680,0.460,0.160,0.500,0.000,0.530,0.280,0
0.420,0.310,0.500,0.150,0.500,0.000,0.530,0.220,0
0.670,0.710,0.520,0.650,0.500,0.000,0.530,0.360,0
0.490,0.470,0.530,0.160,0.500,0.000,0.480,0.270,0
0.420,0.510,0.500,0.120,0.500,0.000,0.520,0.460,0
0.570,0.510,0.530,0.180,0.500,0.000,0.560,0.250,0
0.310,0.440,0.530,0.230,0.500,0.000,0.510,0.320,0
0.310,0.310,0.560,0.330,0.500,0.000,0.520,0.330,0
0.490,0.310,0.490,0.350,0.500,0.000,0.510,0.290,0
0.580,0.560,0.450,0.120,0.500,0.000,0.510,0.220,0
0.530,0.380,0.660,0.250,0.500,0.000,0.430,0.220,0
0.340,0.360,0.540,0.110,0.500,0.000,0.360,0.210,0
0.410,0.450,0.530,0.170,0.500,0.000,0.510,0.250,0
0.310,0.460,0.540,0.520,0.500,0.000,0.500,0.340,0
0.590,0.580,0.560,0.210,0.500,0.000,0.540,0.330,0
0.390,0.280,0.460,0.120,0.500,0.000,0.410,0.220,0
0.270,0.360,0.600,0.330,0.500,0.000,0.370,0.310,0
0.350,0.400,0.590,0.220,0.500,0.000,0.470,0.370,0
0.420,0.320,0.500,0.210,0.500,0.000,0.510,0.220,0
0.230,0.200,0.530,0.200,0.500,0.000,0.440,0.220,0
0.550,0.540,0.560,0.220,0.500,0.000,0.500,0.370,0
0.360,0.240,0.490,0.160,0.500,0.000,0.510,0.220,0
0.600,0.560,0.470,0.200,0.500,0.000,0.500,0.380,0
0.410,0.240,0.540,0.260,0.500,0.000,0.410,0.220,0
0.430,0.390,0.540,0.140,0.500,0.000,0.470,0.220,0
0.500,0.510,0.520,0.090,0.500,0.000,0.480,0.250,0
0.530,0.610,0.520,0.210,0.500,0.000,0.550,0.300,0
0.460,0.430,0.490,0.790,0.500,0.000,0.490,0.630,0
0.610,0.300,0.590,0.120,0.500,0.000,0.490,0.270,0
0.370,0.530,0.460,0.230,0.500,0.000,0.470,0.220,0
0.550,0.460,0.460,0.310,0.500,0.000,0.580,0.480,0
0.350,0.600,0.470,0.130,0.500,0.000,0.520,0.430,0
0.330,0.440,0.490,0.080,0.500,0.000,0.480,0.490,0
0.540,0.570,0.520,0.190,0.500,0.000,0.590,0.670,0
0.370,0.430,0.620,0.270,0.500,0.000,0.480,0.220,0
0.560,0.590,0.530,0.160,0.500,0.000,0.240,0.420,0
0.440,0.440,0.490,0.150,0.500,0.000,0.460,0.270,0
0.600,0.600,0.490,0.300,0.500,0.000,0.530,0.220,0
0.350,0.680,0.570,0.400,0.500,0.000,0.530,0.360,0
0.230,0.300,0.580,0.220,0.500,0.000,0.480,0.270,0
0.560,0.540,0.590,0.140,0.500,0.000,0.520,0.270,0
0.310,0.310,0.540,0.180,0.500,0.000,0.520,0.290,0
0.270,0.510,0.470,0.350,0.500,0.000,0.490,0.280,0
0.540,0.560,0.570,0.180,0.500,0.000,0.450,0.250,0
0.170,0.380,0.450,0.090,0.500,0.000,0.540,0.270,0
0.430,0.510,0.540,0.150,0.500,0.000,0.450,0.260,0
0.340,0.660,0.510,0.160,0.500,0.000,0.470,0.330,0
0.580,0.480,0.560,0.100,0.500,0.000,0.460,0.250,0
0.580,0.480,0.560,0.120,0.500,0.000,0.460,0.250,0
0.410,0.600,0.530,0.290,0.500,0.000,0.470,0.430,0
0.600,0.480,0.440,0.520,0.500,0.000,0.540,0.630,0
0.470,0.490,0.630,0.170,0.500,0.000,0.310,0.260,0
0.280,0.510,0.550,0.110,0.500,0.000,0.460,0.220,0
0.560,0.570,0.630,0.390,1.000,0.000,0.590,0.400,0
0.460,0.570,0.570,0.150,0.500,0.000,0.520,0.260,0
0.440,0.420,0.620,0.140,0.500,0.000,0.550,0.370,0
0.370,0.340,0.580,0.240,0.500,0.000,0.440,0.180,0
0.390,0.390,0.550,0.520,0.500,0.000,0.370,0.160,0
0.390,0.390,0.550,0.520,0.500,0.000,0.370,0.160,0
0.480,0.570,0.500,0.090,0.500,0.000,0.520,0.420,0
0.610,0.570,0.450,0.210,0.500,0.000,0.500,0.420,0
0.510,0.480,0.580,0.220,0.500,0.000,0.500,0.280,0
0.510,0.480,0.580,0.220,0.500,0.000,0.500,0.280,0
0.530,0.530,0.530,0.170,0.500,0.000,0.490,0.370,0
0.290,0.680,0.470,0.260,0.500,0.000,0.470,0.370,0
0.500,0.450,0.490,0.150,0.500,0.000,0.550,0.430,0
0.430,0.390,0.510,0.280,0.500,0.000,0.400,0.220,0
0.340,0.350,0.610,0.190,0.500,0.000,0.520,0.250,0
0.440,0.530,0.520,0.370,0.500,0.000,0.500,0.220,0
0.320,0.340,0.610,0.170,0.500,0.000,0.520,0.320,0
0.340,0.340,0.610,0.180,0.500,0.000,0.520,0.320,0
0.560,0.450,0.590,0.140,0.500,0.000,0.510,0.260,0
0.450,0.380,0.590,0.180,0.500,0.000,0.440,0.450,0
0.420,0.320,0.610,0.130,0.500,0.000,0.140,0.270,0
0.500,0.450,0.490,0.300,0.500,0.000,0.470,0.400,0
0.230,0.340,0.410,0.280,0.500,0.000,0.500,0.270,0
0.340,0.310,0.600,0.370,0.500,0.000,0.500,0.300,0
0.590,0.530,0.470,0.260,0.500,0.000,0.530,0.310,0
0.570,0.490,0.480,0.160,0.500,0.000,0.510,0.220,0
0.430,0.320,0.560,0.270,0.500,0.000,0.470,0.270,0
0.520,0.480,0.540,0.280,0.500,0.000,0.540,0.220,0
0.430,0.380,0.510,0.240,0.500,0.000,0.460,0.330,0
0.440,0.410,0.440,0.130,0.500,0.000,0.490,0.420,0
0.530,0.440,0.470,0.220,0.500,0.000,0.530,0.220,0
0.440,0.530,0.430,0.170,0.500,0.000,0.540,0.750,0
0.520,0.490,0.570,0.570,0.500,0.000,0.510,0.220,0
0.620,0.640,0.560,0.200,0.500,0.000,0.480,0.330,0
0.460,0.320,0.580,0.170,0.500,0.000,0.610,0.250,0
0.490,0.620,0.650,0.180,0.500,0.000,0.460,0.430,0
0.500,0.490,0.520,0.200,0.500,0.000,0.430,0.520,0
0.180,0.480,0.460,0.120,0.500,0.000,0.000,0.250,0
0.260,0.380,0.520,0.360,0.500,0.000,0.480,0.560,0
0.530,0.510,0.510,0.110,0.500,0.000,0.490,0.410,0
0.460,0.570,0.520,0.280,0.500,0.000,0.520,0.220,0
0.700,0.530,0.420,0.220,0.500,0.000,0.510,0.280,0
0.550,0.490,0.450,0.180,0.500,0.000,0.490,0.220,0
0.400,0.530,0.610,0.210,0.500,0.000,0.480,0.330,0
0.430,0.830,0.550,0.200,0.500,0.000,0.470,0.400,0
0.550,0.650,0.500,0.280,0.500,0.000,0.550,0.220,0
0.370,0.310,0.530,0.160,0.500,0.000,0.530,0.440,0
0.430,0.390,0.590,0.130,0.500,0.000,0.410,0.430,0
0.660,0.540,0.490,0.160,0.500,0.000,0.540,0.360,0
0.580,0.460,0.460,0.340,0.500,0.000,0.500,0.430,0
0.390,0.300,0.560,0.120,0.500,0.000,0.530,0.380,0
0.320,0.450,0.440,0.200,0.500,0.000,0.550,0.330,0
0.510,0.600,0.510,0.260,0.500,0.000,0.540,0.220,0
0.490,0.460,0.420,0.460,0.500,0.000,0.550,0.220,0
0.520,0.380,0.620,0.120,0.500,0.000,0.410,0.280,0
0.530,0.400,0.570,0.120,0.500,0.000,0.530,0.320,0
0.510,0.560,0.620,0.240,0.500,0.000,0.520,0.510,0
0.470,0.460,0.550,0.280,0.500,0.000,0.440,0.460,0
0.390,0.350,0.490,0.170,0.500,0.000,0.490,0.220,0
0.580,0.560,0.520,0.250,0.500,0.000,0.570,0.350,0
0.560,0.630,0.520,0.200,0.500,0.000,0.340,0.260,0
0.420,0.280,0.570,0.180,0.500,0.000,0.420,0.220,0
0.360,0.390,0.550,0.260,0.500,0.000,0.490,0.220,0
0.470,0.590,0.370,0.310,0.500,0.000,0.510,0.360,0
0.480,0.620,0.520,0.300,0.500,0.000,0.510,0.370,0
0.330,0.460,0.530,0.290,0.500,0.000,0.500,0.550,0
0.390,0.340,0.680,0.300,0.500,0.000,0.500,0.290,0
0.110,0.410,0.670,0.130,0.500,0.000,0.450,0.290,0
0.400,0.530,0.440,0.180,0.500,0.000,0.540,0.310,0
0.360,0.300,0.500,0.190,0.500,0.000,0.550,0.300,0
0.350,0.440,0.540,0.260,0.500,0.000,0.520,0.260,0
0.430,0.280,0.530,0.340,0.500,0.000,0.550,0.570,0
0.450,0.210,0.490,0.240,0.500,0.000,0.460,0.310,0
0.440,0.340,0.610,0.130,0.500,0.000,0.490,0.260,0
0.870,0.470,0.600,0.470,0.500,0.000,0.590,0.220,0
0.300,0.550,0.580,0.160,0.500,0.000,0.610,0.280,0
0.470,0.470,0.500,0.150,0.500,0.000,0.500,0.480,0
0.510,0.340,0.490,0.160,0.500,0.000,0.530,0.210,0
0.640,0.760,0.510,0.180,0.500,0.000,0.460,0.220,0
0.450,0.410,0.580,0.480,0.500,0.000,0.530,0.640,0
0.900,0.540,0.590,0.200,0.500,0.000,0.480,0.220,0
0.880,0.590,0.540,0.390,0.500,0.000,0.410,0.300,0
0.700,0.510,0.470,0.240,0.500,0.000,0.530,0.250,0
0.250,0.360,0.580,0.300,0.500,0.000,0.580,0.310,0
0.690,0.620,0.490,0.000,1.000,0.000,0.470,0.220,0
0.580,0.510,0.560,0.160,0.500,0.000,0.340,0.220,0
0.390,0.420,0.490,0.100,0.500,0.000,0.490,0.650,0
0.640,0.520,0.500,0.260,0.500,0.000,0.510,0.310,0
0.330,0.380,0.450,0.190,0.500,0.000,0.540,0.370,0
0.610,0.460,0.440,0.470,0.500,0.000,0.500,0.370,0
0.370,0.420,0.600,0.130,0.500,0.000,0.510,0.220,0
0.670,0.460,0.580,0.300,0.500,0.000,0.570,0.270,0
0.410,0.480,0.540,0.240,0.500,0.000,0.370,0.510,0
0.480,0.460,0.580,0.260,0.500,0.000,0.440,0.220,0
0.440,0.420,0.570,0.220,0.500,0.000,0.500,0.250,0
0.530,0.540,0.430,0.180,0.500,0.000,0.530,0.310,0
0.400,0.370,0.540,0.130,0.500,0.000,0.480,0.220,0
0.450,0.400,0.430,0.220,0.500,0.000,0.510,0.480,0
0.380,0.480,0.510,0.130,0.500,0.000,0.500,0.320,0
0.490,0.480,0.520,0.200,0.500,0.000,0.550,0.220,0
0.360,0.390,0.540,0.160,0.500,0.000,0.500,0.280,0
0.540,0.530,0.480,0.140,0.500,0.000,0.490,0.330,0
0.370,0.480,0.500,0.260,0.500,0.000,0.520,0.390,0
0.250,0.390,0.500,0.230,0.500,0.000,0.500,0.280,0
0.490,0.710,0.540,0.130,0.500,0.000,0.580,0.220,0
0.560,0.500,0.560,0.260,0.500,0.000,0.530,0.270,0
0.410,0.530,0.410,0.150,0.500,0.000,0.540,0.250,0
0.500,0.450,0.530,0.210,0.500,0.000,0.280,0.220,0
0.330,0.350,0.560,0.190,0.500,0.000,0.500,0.220,0
0.450,0.480,0.560,0.560,0.500,0.000,0.470,0.220,0
0.560,0.590,0.540,0.180,0.500,0.000,0.480,0.460,0
0.330,0.390,0.520,0.090,0.500,0.000,0.470,0.280,0
0.480,0.410,0.540,0.390,0.500,0.000,0.510,0.220,0
0.300,0.300,0.460,0.320,0.500,0.000,0.450,0.220,0
0.380,0.260,0.600,0.100,0.500,0.000,0.480,0.440,0
0.680,0.390,0.500,0.150,0.500,0.000,0.480,0.370,0
0.620,0.410,0.520,0.170,0.500,0.000,0.480,0.220,0
0.520,0.370,0.480,0.130,0.500,0.000,0.550,0.220,0
0.320,0.480,0.490,0.170,0.500,0.000,0.470,0.220,0
0.340,0.350,0.580,0.200,0.500,0.000,0.460,0.320,0
0.330,0.210,0.530,0.150,1.000,0.000,0.520,0.500,0
0.490,0.450,0.570,0.240,0.500,0.000,0.470,0.380,0
0.400,0.280,0.480,0.060,0.500,0.000,0.490,0.420,0
0.510,0.390,0.560,0.250,0.500,0.000,0.510,0.330,0
0.370,0.440,0.510,0.560,0.500,0.000,0.500,0.380,0
0.290,0.400,0.410,0.480,0.500,0.000,0.530,0.300,0
0.240,0.410,0.470,0.160,0.500,0.000,0.510,0.380,0
0.610,0.390,0.530,0.140,0.500,0.000,0.430,0.260,0
0.390,0.160,0.590,0.080,0.500,0.000,0.510,0.270,0
0.330,0.280,0.500,0.400,0.500,0.000,0.460,0.610,0
0.510,0.550,0.560,0.180,0.500,0.000,0.500,0.380,0
0.430,0.480,0.530,0.180,0.500,0.000,0.460,0.220,0
0.470,0.430,0.480,0.160,0.500,0.000,0.460,0.270,0
0.520,0.500,0.510,0.200,0.500,0.000,0.510,0.220,0
0.330,0.280,0.520,0.150,0.500,0.000,0.510,0.860,0
0.360,0.480,0.500,0.130,0.500,0.000,0.490,0.600,0
0.450,0.540,0.490,0.290,0.500,0.000,0.490,0.250,0
0.550,0.590,0.530,0.150,0.500,0.000,0.490,0.220,0
0.310,0.390,0.550,0.280,0.500,0.000,0.460,0.310,0
0.430,0.410,0.510,0.340,0.500,0.000,0.490,0.280,0
0.640,0.500,0.530,0.100,0.500,0.000,0.510,0.220,0
0.410,0.520,0.560,0.260,0.500,0.000,0.480,0.320,0
0.480,0.470,0.590,0.410,0.500,0.000,0.560,0.270,0
0.490,0.490,0.510,0.290,0.500,0.000,0.520,0.710,0
0.410,0.520,0.510,0.220,0.500,0.000,0.520,0.440,0
0.510,0.610,0.500,0.230,0.500,0.000,0.520,0.610,0
0.540,0.530,0.530,0.170,0.500,0.000,0.510,0.390,0
0.530,0.460,0.540,0.370,0.500,0.000,0.510,0.300,0
0.580,0.310,0.600,0.120,0.500,0.000,0.470,0.330,0
0.490,0.670,0.500,0.280,0.500,0.000,0.430,0.220,0
0.440,0.330,0.550,0.160,0.500,0.000,0.490,0.220,0
0.440,0.450,0.530,0.190,0.500,0.000,0.410,0.280,0
0.570,0.550,0.520,0.160,0.500,0.000,0.490,0.390,0
0.320,0.490,0.530,0.280,0.500,0.000,0.500,0.500,0
0.460,0.410,0.580,0.100,0.500,0.000,0.480,0.220,0
0.570,0.510,0.580,0.220,0.500,0.000,0.510,0.220,0
0.340,0.580,0.500,0.260,0.500,0.000,0.510,0.220,0
0.550,0.450,0.580,0.250,0.500,0.000,0.490,0.220,0
0.400,0.660,0.340,0.210,0.500,0.000,0.520,0.260,0
0.420,0.210,0.590,0.300,0.500,0.000,0.470,0.270,0
0.350,0.400,0.440,0.250,0.500,0.000,0.530,0.570,0
0.450,0.490,0.570,0.250,0.500,0.000,0.480,0.220,0
0.560,0.510,0.320,0.490,0.500,0.000,0.480,0.220,0
0.370,0.580,0.500,0.220,0.500,0.000,0.470,0.220,0
0.470,0.450,0.510,0.330,0.500,0.000,0.460,0.260,0
0.500,0.360,0.640,0.370,0.500,0.000,0.370,0.330,0
0.430,0.440,0.640,0.190,0.500,0.000,0.380,0.330,0
0.720,0.510,0.520,0.080,0.500,0.000,0.540,0.220,0
0.350,0.410,0.530,0.270,0.500,0.000,0.470,0.290,0
0.560,0.490,0.540,0.150,0.500,0.000,0.500,0.350,0
0.570,0.370,0.430,0.270,0.500,0.000,0.530,0.280,0
0.570,0.490,0.610,0.260,0.500,0.000,0.520,0.220,0
0.480,0.450,0.630,0.190,0.500,0.000,0.580,0.220,0
0.340,0.480,0.470,0.190,0.500,0.000,0.500,0.300,0
0.540,0.570,0.550,0.180,0.500,0.000,0.500,0.220,0
0.380,0.440,0.550,0.440,0.500,0.000,0.470,0.510,0
0.400,0.300,0.570,0.130,0.500,0.000,0.460,0.220,0
0.270,0.310,0.550,0.130,0.500,0.000,0.500,0.220,0
0.520,0.460,0.560,0.250,0.500,0.000,0.520,0.220,0
0.440,0.500,0.550,0.240,0.500,0.000,0.480,0.220,0
0.340,0.470,0.480,0.320,0.500,0.000,0.420,0.220,0
0.500,0.560,0.630,0.250,0.500,0.000,0.420,0.220,0
0.310,0.600,0.650,0.180,0.500,0.000,0.460,0.220,0
0.570,0.420,0.630,0.220,0.500,0.000,0.680,0.320,0
0.370,0.450,0.530,0.140,0.500,0.000,0.490,0.220,0
0.360,0.490,0.550,0.210,0.500,0.000,0.550,0.330,0
0.290,0.400,0.500,0.160,0.500,0.000,0.510,0.340,0
0.370,0.300,0.510,0.150,0.500,0.000,0.580,0.260,0
0.440,0.620,0.530,0.270,0.500,0.000,0.490,0.220,0
0.560,0.610,0.520,0.190,0.500,0.000,0.520,0.320,0
0.600,0.570,0.520,0.140,0.500,0.000,0.460,0.480,0
0.420,0.380,0.520,0.290,0.500,0.000,0.420,0.220,0
0.410,0.460,0.580,0.080,0.500,0.000,0.510,0.280,0
0.460,0.490,0.550,0.180,0.500,0.000,0.560,0.220,0
0.470,0.370,0.460,0.280,0.500,0.000,0.520,0.990,0
0.480,0.500,0.470,0.290,0.500,0.000,0.460,0.270,0
0.490,0.490,0.520,0.180,0.500,0.000,0.510,0.250,0
0.540,0.590,0.570,0.340,0.500,0.000,0.490,0.220,0
0.470,0.440,0.530,0.180,0.500,0.000,0.470,0.290,0
0.400,0.490,0.530,0.230,0.500,0.000,0.440,0.260,0
0.450,0.650,0.510,0.170,0.500,0.000,0.490,0.220,0
0.420,0.420,0.550,0.310,0.500,0.000,0.430,0.220,0
0.450,0.410,0.530,0.490,0.500,0.000,0.490,0.310,0
0.420,0.280,0.490,0.220,0.500,0.000,0.550,0.340,0
0.470,0.500,0.470,0.220,0.500,0.000,0.530,0.450,0
0.370,0.470,0.490,0.120,0.500,0.000,0.470,0.310,0
0.320,0.600,0.480,0.130,0.500,0.000,0.530,0.220,0
0.460,0.560,0.560,0.250,0.500,0.000,0.430,0.220,0
0.190,0.160,0.680,0.360,0.500,0.000,0.490,0.210,0
0.470,0.560,0.510,0.200,0.500,0.000,0.520,0.590,0
0.400,0.750,0.440,0.120,0.500,0.000,0.490,0.220,0
0.480,0.550,0.580,0.180,0.500,0.000,0.380,0.690,0
0.330,0.470,0.550,0.240,0.500,0.000,0.450,0.670,0
0.660,0.430,0.570,0.600,0.500,0.000,0.190,0.330,0
0.550,0.400,0.620,0.220,0.500,0.000,0.370,0.280,0
0.330,0.460,0.600,0.180,0.500,0.000,0.510,0.260,0
0.510,0.500,0.540,0.110,0.500,0.000,0.600,0.220,0
0.540,0.600,0.570,0.170,0.500,0.000,0.440,0.220,0
0.360,0.320,0.550,0.270,0.500,0.000,0.470,0.430,0
0.460,0.410,0.450,0.230,0.500,0.000,0.480,0.220,0
0.400,0.390,0.600,0.230,0.500,0.000,0.520,0.310,0
0.570,0.550,0.510,0.180,0.500,0.000,0.510,0.430,0
0.440,0.430,0.460,0.280,0.500,0.000,0.450,0.290,0
0.460,0.500,0.500,0.280,0.500,0.000,0.500,0.370,0
0.380,0.580,0.460,0.210,0.500,0.000,0.520,0.220,0
0.270,0.460,0.520,0.170,0.500,0.000,0.490,0.440,0
0.520,0.450,0.450,0.130,0.500,0.000,0.480,0.220,0
0.370,0.290,0.450,0.150,0.500,0.000,0.490,0.220,0
0.370,0.480,0.670,0.370,0.500,0.000,0.560,0.620,0
0.440,0.590,0.540,0.180,0.500,0.000,0.490,0.220,0
0.480,0.650,0.360,0.240,0.500,0.000,0.540,0.310,0
0.590,0.490,0.450,0.220,0.500,0.000,0.450,0.310,0
0.730,0.520,0.590,0.250,0.500,0.000,0.510,0.220,0
0.230,0.130,0.510,0.160,0.500,0.000,0.530,0.510,0
0.490,0.600,0.540,0.350,0.500,0.000,0.530,0.460,0
0.520,0.310,0.560,0.160,0.500,0.000,0.550,0.220,0
0.490,0.480,0.510,0.210,0.500,0.000,0.530,0.220,0
0.490,0.600,0.420,0.180,0.500,0.000,0.580,0.280,0
0.600,0.620,0.540,0.110,0.500,0.000,0.510,0.220,0
0.550,0.470,0.530,0.200,0.500,0.000,0.400,0.220,0
0.470,0.320,0.510,0.240,0.500,0.000,0.540,0.270,0
0.530,0.250,0.590,0.270,0.500,0.000,0.450,0.260,0
0.310,0.500,0.540,0.320,0.500,0.000,0.530,0.310,0
0.250,0.330,0.480,0.180,0.500,0.000,0.420,0.330,0
0.440,0.390,0.630,0.110,0.500,0.000,0.490,0.260,0
0.380,0.420,0.470,0.120,0.500,0.000,0.470,0.530,0
0.380,0.510,0.560,0.210,0.500,0.000,0.480,0.310,0
0.450,0.570,0.520,0.210,0.500,0.000,0.540,0.380,0
0.660,0.650,0.530,0.170,0.500,0.000,0.470,0.660,0
0.480,0.540,0.560,0.290,0.500,0.000,0.510,0.430,0
0.580,0.640,0.420,0.300,0.500,0.000,0.540,0.220,0
0.580,0.370,0.580,0.160,0.500,0.000,0.510,0.220,0
0.470,0.470,0.500,0.190,0.500,0.000,0.510,0.260,0
0.550,0.380,0.520,0.160,0.500,0.000,0.490,0.640,0
0.410,0.390,0.610,0.170,0.500,0.000,0.500,0.610,0
0.410,0.560,0.530,0.160,0.500,0.000,0.550,0.260,0
0.440,0.650,0.490,0.160,0.500,0.000,0.480,0.310,0
0.490,0.510,0.520,0.130,0.500,0.000,0.510,0.330,0
0.450,0.400,0.560,0.150,0.500,0.000,0.520,0.220,0
0.550,0.790,0.450,0.250,0.500,0.000,0.510,0.220,0
0.580,0.510,0.630,0.200,0.500,0.000,0.500,0.420,0
0.630,0.580,0.570,0.100,0.500,0.000,0.520,0.330,0
0.540,0.670,0.560,0.150,0.500,0.000,0.570,0.330,0
0.410,0.590,0.650,0.140,0.500,0.000,0.490,0.330,0
0.470,0.380,0.500,0.150,0.500,0.000,0.490,0.470,0
0.330,0.170,0.520,0.130,0.500,0.000,0.510,0.750,0
0.470,0.460,0.530,0.120,0.500,0.000,0.510,0.250,0
0.570,0.290,0.630,0.220,0.500,0.000,0.490,0.270,0
0.520,0.490,0.590,0.210,0.500,0.000,0.470,0.220,0
0.410,0.420,0.530,0.170,0.500,0.000,0.480,0.580,0
0.500,0.500,0.480,0.340,0.500,0.000,0.520,0.270,0
0.500,0.430,0.560,0.170,0.500,0.000,0.350,0.220,0
0.360,0.520,0.610,0.330,0.500,0.000,0.520,0.370,0
0.490,0.360,0.470,0.280,0.500,0.000,0.560,0.540,0
0.340,0.420,0.480,0.190,0.500,0.000,0.460,0.310,0
0.600,0.570,0.630,0.220,0.500,0.000,0.500,0.490,0
0.530,0.440,0.540,0.520,0.500,0.000,0.490,0.380,0
0.560,0.490,0.470,0.130,0.500,0.000,0.520,0.220,0
0.550,0.490,0.600,0.180,0.500,0.000,0.510,0.220,0
0.640,0.560,0.520,0.170,0.500,0.000,0.540,0.470,0
0.400,0.450,0.450,0.150,0.500,0.000,0.530,0.480,0
0.450,0.510,0.430,0.220,0.500,0.000,0.570,0.220,0
0.570,0.530,0.600,0.280,0.500,0.000,0.520,0.450,0
0.320,0.300,0.570,0.380,0.500,0.000,0.500,0.250,0
0.280,0.410,0.460,0.180,0.500,0.000,0.470,0.390,0
0.250,0.410,0.470,0.140,0.500,0.000,0.560,0.680,0
0.400,0.440,0.470,0.250,0.500,0.000,0.540,0.560,0
0.290,0.390,0.460,0.360,0.500,0.000,0.510,0.220,0
0.540,0.540,0.560,0.180,0.500,0.000,0.460,0.290,0
0.580,0.440,0.450,0.320,0.500,0.000,0.520,0.370,0
0.400,0.400,0.440,0.370,0.500,0.000,0.530,0.250,0
0.470,0.400,0.630,0.190,0.500,0.000,0.520,0.320,0
0.330,0.380,0.470,0.140,0.500,0.000,0.510,0.470,0
0.380,0.440,0.570,0.140,0.500,0.000,0.530,0.520,0
0.340,0.240,0.510,0.150,0.500,0.000,0.540,0.400,0
0.360,0.480,0.610,0.260,0.500,0.000,0.500,0.160,0
0.410,0.250,0.590,0.440,0.500,0.000,0.600,0.690,0
0.570,0.590,0.490,0.860,0.500,0.000,0.470,0.220,0
0.380,0.400,0.390,0.190,0.500,0.000,0.460,0.620,0
0.250,0.400,0.520,0.150,0.500,0.000,0.560,0.280,0
0.580,0.560,0.380,0.390,0.500,0.000,0.540,0.570,0
0.590,0.670,0.540,0.190,0.500,0.000,0.480,0.600,0
0.470,0.430,0.610,0.400,0.500,0.000,0.480,0.470,0
0.430,0.400,0.600,0.160,0.500,0.000,0.530,0.390,0
0.480,0.230,0.570,0.270,0.500,0.000,0.480,0.470,0
0.400,0.440,0.490,0.470,0.500,0.000,0.490,0.270,0
0.370,0.460,0.400,0.270,0.500,0.000,0.450,0.220,0
0.510,0.340,0.500,0.190,0.500,0.000,0.500,0.220,0
0.580,0.500,0.500,0.120,0.500,0.000,0.480,0.250,0
0.410,0.390,0.440,0.340,0.500,0.000,0.480,0.400,0
0.380,0.370,0.560,0.210,0.500,0.000,0.490,0.220,0
0.560,0.520,0.480,0.170,0.500,0.000,0.460,0.220,0
0.560,0.430,0.540,0.160,0.500,0.000,0.500,0.220,0
0.350,0.390,0.570,0.110,0.500,0.000,0.480,0.220,0
0.430,0.540,0.580,0.160,0.500,0.000,0.500,0.360,0
0.400,0.340,0.520,0.170,0.500,0.000,0.470,0.510,0
0.430,0.420,0.540,0.220,0.500,0.000,0.570,0.330,0
0.370,0.340,0.580,0.240,0.500,0.000,0.440,0.180,0
0.370,0.220,0.640,0.350,0.500,0.000,0.470,0.220,0
0.490,0.370,0.590,0.170,0.500,0.000,0.510,0.220,0
0.440,0.530,0.520,0.370,0.500,0.000,0.500,0.220,0
0.540,0.450,0.620,0.130,0.500,0.000,0.520,0.260,0
0.330,0.370,0.540,0.280,0.500,0.000,0.530,0.270,0
0.330,0.380,0.530,0.260,0.500,0.000,0.520,0.270,0
0.540,0.520,0.540,0.200,0.500,0.000,0.550,0.250,0
0.480,0.540,0.530,0.600,0.500,0.000,0.530,0.310,0
0.360,0.440,0.510,0.170,0.500,0.000,0.600,0.190,0
0.330,0.480,0.550,0.160,0.500,0.000,0.530,0.750,0
0.310,0.420,0.480,0.170,0.500,0.000,0.490,0.530,0
0.500,0.420,0.570,0.490,0.500,0.000,0.480,0.270,0
0.420,0.280,0.510,0.230,0.500,0.000,0.530,0.270,0
0.390,0.440,0.540,0.240,0.500,0.000,0.510,0.490,0
0.350,0.420,0.560,0.280,0.500,0.000,0.470,0.220,0
0.470,0.470,0.540,0.190,0.500,0.000,0.510,0.330,0
0.460,0.530,0.470,0.370,0.500,0.000,0.510,0.360,0
0.380,0.380,0.540,0.240,0.500,0.000,0.540,0.220,0
0.330,0.420,0.550,0.230,0.500,0.000,0.520,0.430,0
0.470,0.550,0.570,0.170,0.500,0.000,0.520,0.660,0
0.500,0.430,0.500,0.170,0.500,0.000,0.460,0.470,0
0.190,0.660,0.600,0.140,0.500,0.000,0.200,0.250,0
0.480,0.170,0.370,0.330,0.500,0.000,0.440,0.360,0
0.450,0.360,0.500,0.190,0.500,0.000,0.530,0.700,0
0.530,0.510,0.540,0.210,0.500,0.000,0.450,0.220,0
0.490,0.380,0.490,0.150,0.500,0.000,0.530,0.250,0
0.400,0.430,0.490,0.170,0.500,0.000,0.510,0.360,0
0.350,0.290,0.460,0.140,0.500,0.000,0.540,0.660,0
0.410,0.470,0.500,0.140,0.500,0.000,0.530,0.370,0
0.860,0.680,0.390,0.240,0.500,0.000,0.540,0.220,0
0.790,0.570,0.410,0.280,0.500,0.000,0.590,0.220,0
0.740,0.750,0.580,0.470,0.500,0.000,0.400,0.350,0
0.690,0.610,0.380,0.270,0.500,0.000,0.520,0.220,0
0.540,0.420,0.410,0.160,0.500,0.000,0.520,0.220,0
0.830,0.580,0.330,0.040,0.500,0.000,0.530,0.220,0
0.710,0.560,0.390,0.270,0.500,0.000,0.520,0.220,0
0.570,0.590,0.440,0.160,0.500,0.000,0.520,0.220,0
0.920,0.610,0.400,0.220,0.500,0.000,0.540,0.220,0
0.340,0.380,0.450,0.190,0.500,0.000,0.510,0.220,0
0.730,0.550,0.410,0.160,0.500,0.000,0.460,0.220,0
0.910,0.690,0.570,0.450,0.500,0.000,0.560,0.220,0
0.690,0.480,0.380,0.150,0.500,0.000,0.550,0.220,0
0.680,0.500,0.430,0.270,0.500,0.000,0.610,0.220,0
0.810,0.760,0.320,0.370,0.500,0.000,0.510,0.220,0
0.890,0.820,0.600,0.490,0.500,0.000,0.550,0.220,0
0.770,0.600,0.420,0.330,0.500,0.000,0.570,0.220,0
0.760,0.740,0.560,0.340,0.500,0.000,0.510,0.300,0
0.580,0.760,0.400,0.370,0.500,0.000,0.540,0.300,0
0.940,0.600,0.330,0.490,0.500,0.000,0.540,0.220,0
0.360,0.340,0.460,0.190,0.500,0.000,0.520,0.220,0
0.660,0.660,0.320,0.540,0.500,0.000,0.510,0.220,0
0.740,0.560,0.350,0.360,0.500,0.000,0.510,0.250,0
0.890,0.520,0.410,0.260,0.500,0.000,0.520,0.310,0
0.780,0.630,0.530,0.130,0.500,0.000,0.540,0.220,0
0.830,0.570,0.420,0.570,0.500,0.000,0.500,0.320,0
0.430,0.380,0.380,0.120,0.500,0.000,0.500,0.220,0
0.760,0.670,0.370,0.220,0.500,0.000,0.540,0.220,0
0.950,0.710,0.270,0.390,0.500,0.000,0.310,0.220,0
0.970,0.710,0.290,0.420,0.500,0.000,0.350,0.220,0
0.810,0.550,0.350,0.340,0.500,0.000,0.510,0.220,0
0.550,0.520,0.440,0.200,0.500,0.000,0.560,0.220,0
0.460,0.470,0.440,0.180,1.000,0.000,0.460,0.220,0
0.560,0.490,0.320,0.220,0.500,0.000,0.500,0.220,0
0.390,0.710,0.380,0.140,0.500,0.000,0.500,0.220,0
0.370,0.420,0.460,0.150,0.500,0.000,0.510,0.310,0
0.700,0.570,0.340,0.190,0.500,0.000,0.530,0.270,0
0.800,0.690,0.530,0.330,0.500,0.000,0.510,0.220,0
0.790,0.620,0.350,0.350,0.500,0.000,0.600,0.280,0
0.880,0.750,0.410,0.360,0.500,0.000,0.430,0.220,0
0.710,0.510,0.490,0.230,0.500,0.000,0.300,0.320,0
0.690,0.570,0.390,0.190,0.500,0.000,0.480,0.390,0
0.860,0.780,0.340,0.150,0.500,0.000,0.530,0.220,0
0.630,0.710,0.440,0.530,0.500,0.000,0.520,0.220,0
0.810,0.620,0.430,0.170,0.500,0.000,0.530,0.220,0
0.860,0.740,0.510,0.400,0.500,0.000,0.550,0.220,0
0.810,0.900,0.390,0.410,0.500,0.000,0.530,0.220,0
0.830,0.530,0.520,0.200,0.500,0.000,0.480,0.250,0
0.780,0.480,0.470,0.300,0.500,0.000,0.530,0.470,0
0.720,0.560,0.400,0.260,0.500,0.000,0.510,0.260,0
0.670,0.570,0.360,0.190,0.500,0.000,0.560,0.220,0
0.410,0.540,0.390,0.200,0.500,0.000,0.510,0.220,0
0.420,0.240,0.340,0.160,0.500,0.000,0.500,0.220,0
0.410,0.530,0.450,0.140,0.500,0.000,0.520,0.660,0
0.280,0.580,0.210,0.130,0.500,0.000,0.510,0.220,0
0.390,0.440,0.350,0.160,0.500,0.000,0.550,0.220,0
0.380,0.500,0.370,0.260,0.500,0.000,0.430,0.220,0
0.360,0.580,0.350,0.240,0.500,0.000,0.440,0.220,0
0.360,0.430,0.390,0.120,0.500,0.000,0.490,0.220,0
0.440,0.590,0.360,0.160,0.500,0.000,0.520,0.220,0
0.540,0.550,0.340,0.310,0.500,0.000,0.540,0.220,0
0.390,0.580,0.500,0.260,0.500,0.000,0.540,0.590,0
0.350,0.450,0.430,0.110,0.500,0.000,0.560,0.220,0
0.420,0.420,0.420,0.200,0.500,0.000,0.490,0.220,0
0.260,0.500,0.330,0.280,0.500,0.000,0.510,0.220,0
0.390,0.420,0.380,0.400,0.500,0.000,0.490,0.470,0
0.260,0.440,0.300,0.110,0.500,0.000,0.510,0.470,0
0.470,0.540,0.370,0.140,0.500,0.000,0.500,0.220,0
0.360,0.370,0.330,0.140,0.500,0.000,0.570,0.310,0
0.550,0.420,0.340,0.300,0.500,0.000,0.520,0.220,0
0.340,0.420,0.300,0.230,0.500,0.000,0.530,0.220,0
0.510,0.550,0.350,0.160,0.500,0.000,0.510,0.470,0
0.520,0.750,0.370,0.140,0.500,0.000,0.460,0.220,0
0.580,0.600,0.430,0.120,0.500,0.000,0.550,0.220,0
0.630,0.610,0.410,0.220,0.500,0.000,0.510,0.220,0
0.580,0.530,0.380,0.180,0.500,0.000,0.520,0.220,0
0.360,0.460,0.430,0.190,0.500,0.000,0.480,0.220,0
0.530,0.680,0.420,0.190,0.500,0.000,0.530,0.220,0
0.460,0.350,0.330,0.170,0.500,0.000,0.550,0.220,0
0.540,0.550,0.420,0.220,0.500,0.000,0.480,0.220,0
0.420,0.520,0.400,0.170,0.500,0.000,0.500,0.260,0
0.370,0.340,0.320,0.220,0.500,0.000,0.560,0.220,0
0.350,0.560,0.360,0.300,0.500,0.000,0.530,0.250,0
0.440,0.510,0.370,0.150,0.500,0.000,0.510,0.220,0
0.490,0.460,0.340,0.210,0.500,0.000,0.550,0.220,0
0.490,0.310,0.340,0.130,0.500,0.000,0.520,0.220,0
0.200,0.340,0.330,0.100,0.500,0.000,0.480,0.310,0
0.480,0.460,0.380,0.290,0.500,0.000,0.530,0.220,0
0.530,0.680,0.340,0.420,0.500,0.000,0.540,0.270,0
0.330,0.280,0.310,0.240,0.500,0.000,0.530,0.220,0
0.370,0.620,0.340,0.250,0.500,0.000,0.510,0.220,0
0.490,0.400,0.340,0.260,0.500,0.000,0.500,0.220,0
0.340,0.400,0.300,0.230,0.500,0.000,0.510,0.220,0
0.430,0.440,0.300,0.180,0.500,0.000,0.510,0.220,0
0.430,0.450,0.370,0.120,0.500,0.000,0.480,0.220,0
0.450,0.570,0.300,0.170,0.500,0.000,0.510,0.220,0
0.450,0.570,0.300,0.170,0.500,0.000,0.510,0.220,0
0.420,0.440,0.330,0.170,0.500,0.000,0.540,0.270,0
0.470,0.590,0.430,0.130,0.500,0.000,0.560,0.300,0
0.400,0.450,0.420,0.170,0.500,0.000,0.540,0.260,0
0.490,0.410,0.320,0.210,0.500,0.000,0.500,0.320,0
0.350,0.530,0.350,0.330,0.500,0.000,0.500,0.320,0
0.500,0.460,0.420,0.320,0.500,0.000,0.560,0.550,0
0.400,0.510,0.420,0.130,0.500,0.000,0.450,0.250,0
0.650,0.610,0.390,0.300,0.500,0.000,0.570,0.280,0
0.470,0.430,0.350,0.320,0.500,0.000,0.540,0.220,0
0.360,0.350,0.470,0.220,0.500,0.000,0.440,0.310,0
0.370,0.550,0.290,0.320,0.500,0.000,0.510,0.220,0
0.420,0.510,0.390,0.220,0.500,0.000,0.490,0.260,0
0.460,0.400,0.380,0.180,0.500,0.000,0.490,0.220,0
0.460,0.140,0.360,0.210,0.500,0.000,0.500,0.250,0
0.390,0.370,0.330,0.230,0.500,0.000,0.530,0.260,0
0.390,0.370,0.330,0.230,0.500,0.000,0.520,0.260,0
0.510,0.470,0.410,0.440,0.500,0.000,0.500,0.220,0
0.470,0.600,0.350,0.210,0.500,0.000,0.520,0.220,0
0.440,0.410,0.290,0.210,0.500,0.000,0.490,0.220,0
0.480,0.490,0.450,0.230,0.500,0.000,0.510,0.220,0
0.530,0.510,0.360,0.130,0.500,0.000,0.520,0.220,0
0.410,0.480,0.380,0.130,0.500,0.000,0.510,0.350,0
0.380,0.450,0.370,0.190,0.500,0.000,0.520,0.300,0
0.310,0.300,0.340,0.190,0.500,0.000,0.550,0.300,0
0.470,0.610,0.500,0.230,0.500,0.000,0.490,0.220,0
0.490,0.600,0.300,0.340,0.500,0.000,0.500,0.430,0
0.270,0.560,0.300,0.140,0.500,0.000,0.520,0.390,0
0.440,0.430,0.340,0.210,0.500,0.000,0.550,0.400,0
0.390,0.490,0.300,0.190,0.500,0.000,0.520,0.310,0
0.370,0.510,0.390,0.180,0.500,0.000,0.510,0.270,0
0.270,0.490,0.360,0.260,0.500,0.000,0.490,0.260,0
0.660,0.550,0.340,0.200,0.500,0.000,0.620,0.220,0
0.360,0.330,0.380,0.150,0.500,0.000,0.550,0.360,0
0.580,0.530,0.330,0.260,0.500,0.000,0.510,0.220,0
0.450,0.660,0.390,0.110,0.500,0.000,0.540,0.220,0
0.570,0.500,0.400,0.080,0.500,0.000,0.470,0.220,0
0.390,0.460,0.330,0.180,0.500,0.000,0.530,0.220,0
0.510,0.510,0.320,0.270,0.500,0.000,0.540,0.220,0
0.550,0.720,0.350,0.260,0.500,0.000,0.490,0.220,0
0.650,0.660,0.370,0.120,0.500,0.000,0.520,0.270,0
0.520,0.550,0.390,0.090,1.000,0.000,0.550,0.250,0
0.420,0.280,0.330,0.230,0.500,0.000,0.390,0.260,0
0.380,0.420,0.310,0.350,0.500,0.000,0.520,0.220,0
0.460,0.480,0.380,0.220,0.500,0.000,0.390,0.450,0
0.520,0.650,0.360,0.370,0.500,0.000,0.520,0.340,0
0.270,0.410,0.240,0.200,0.500,0.000,0.490,0.220,0
0.250,0.350,0.220,0.180,0.500,0.000,0.460,0.220,0
0.450,0.570,0.380,0.280,0.500,0.000,0.530,0.310,0
0.550,0.460,0.470,0.150,0.500,0.000,0.470,0.220,0
0.410,0.420,0.230,0.160,0.500,0.000,0.400,0.220,0
0.250,0.420,0.210,0.140,0.500,0.000,0.410,0.220,0
0.490,0.310,0.430,0.240,0.500,0.000,0.540,0.220,0
0.460,0.410,0.430,0.180,0.500,0.000,0.540,0.220,0
0.320,0.360,0.280,0.380,0.500,0.000,0.500,0.400,0
0.400,0.650,0.380,0.170,0.500,0.000,0.570,0.220,0
0.490,0.550,0.410,0.190,0.500,0.000,0.480,0.310,0
0.430,0.280,0.410,0.320,0.500,0.000,0.520,0.220,0
0.310,0.510,0.380,0.180,0.500,0.000,0.460,0.310,0
0.310,0.400,0.310,0.170,0.500,0.000,0.520,0.220,0
0.550,0.390,0.390,0.470,0.500,0.000,0.500,0.830,0
0.590,0.480,0.410,0.530,0.500,0.000,0.480,0.560,0
0.420,0.510,0.330,0.160,0.500,0.000,0.540,0.220,0
0.500,0.470,0.450,0.140,0.500,0.000,0.530,0.320,0
0.490,0.530,0.360,0.150,0.500,0.000,0.520,0.270,0
0.390,0.630,0.410,0.270,0.500,0.000,0.490,0.220,0
0.490,0.490,0.400,0.200,0.500,0.000,0.480,0.260,0
0.330,0.490,0.460,0.220,0.500,0.000,0.530,0.330,0
0.470,0.410,0.460,0.180,0.500,0.000,0.530,0.220,0
0.260,0.300,0.370,0.150,0.500,0.000,0.530,0.250,0
0.450,0.500,0.430,0.160,0.500,0.000,0.520,0.280,0
0.540,0.440,0.380,0.220,0.500,0.000,0.540,0.300,0
0.220,0.530,0.360,0.220,0.500,0.000,0.540,0.310,0
0.430,0.410,0.370,0.180,0.500,0.000,0.540,0.310,0
0.460,0.590,0.380,0.120,0.500,0.000,0.500,0.220,0
0.430,0.600,0.400,0.120,0.500,0.000,0.490,0.290,0
0.650,0.620,0.260,0.330,0.500,0.000,0.550,0.220,0
0.470,0.610,0.320,0.270,0.500,0.000,0.500,0.300,0
0.300,0.680,0.410,0.170,0.500,0.000,0.510,0.220,0
0.550,0.350,0.360,0.290,0.500,0.000,0.510,0.220,0
0.350,0.320,0.310,0.160,0.500,0.000,0.560,0.220,0
0.670,0.610,0.390,0.240,0.500,0.000,0.510,0.220,0
0.390,0.560,0.340,0.180,0.500,0.000,0.490,0.220,0
0.510,0.380,0.420,0.210,0.500,0.000,0.460,0.340,0
0.320,0.450,0.390,0.140,0.500,0.000,0.450,0.220,0
0.280,0.480,0.360,0.160,0.500,0.000,0.530,0.220,0
0.520,0.650,0.360,0.260,0.500,0.000,0.440,0.220,0
0.420,0.710,0.450,0.150,0.500,0.000,0.480,0.220,0
0.380,0.370,0.360,0.140,0.500,0.000,0.540,0.220,0
0.380,0.560,0.380,0.160,0.500,0.000,0.530,0.220,0
0.630,0.650,0.420,0.180,0.500,0.000,0.540,0.270,0
0.610,0.760,0.300,0.160,0.500,0.000,0.450,0.410,0
0.390,0.330,0.330,0.230,0.500,0.000,0.470,0.220,0
0.500,0.630,0.450,0.130,0.500,0.000,0.450,0.320,0
0.200,0.600,0.500,0.290,0.500,0.000,0.510,0.220,0
0.510,0.460,0.410,0.360,0.500,0.000,0.490,0.220,0
0.490,0.560,0.370,0.200,0.500,0.000,0.530,0.220,0
0.490,0.550,0.350,0.230,0.500,0.000,0.570,0.220,0
0.600,0.680,0.300,0.270,0.500,0.000,0.550,0.220,0
0.520,0.460,0.340,0.200,0.500,0.000,0.510,0.250,0
0.300,0.370,0.400,0.450,0.500,0.000,0.480,0.410,0
0.320,0.290,0.290,0.080,0.500,0.000,0.520,0.220,0
0.360,0.490,0.300,0.220,0.500,0.000,0.520,0.310,0
0.290,0.430,0.400,0.150,0.500,0.000,0.530,0.220,0
0.390,0.440,0.280,0.120,0.500,0.000,0.460,0.270,0
0.510,0.630,0.300,0.350,0.500,0.000,0.530,0.270,0
0.300,0.500,0.340,0.260,0.500,0.000,0.510,0.220,0
0.320,0.360,0.340,0.190,0.500,0.000,0.550,0.260,0
0.480,0.430,0.450,0.170,0.500,0.000,0.480,0.370,0
0.390,0.810,0.350,0.280,0.500,0.000,0.510,0.450,0
0.540,0.440,0.350,0.190,0.500,0.000,0.510,0.270,0
0.400,0.430,0.360,0.330,0.500,0.000,0.510,0.220,0
0.370,0.400,0.380,0.180,0.500,0.000,0.510,0.220,0
0.460,0.610,0.380,0.350,0.500,0.000,0.490,0.220,0
0.360,0.500,0.390,0.230,0.500,0.000,0.500,0.220,0
0.430,0.480,0.360,0.260,0.500,0.000,0.520,0.220,0
0.380,0.670,0.330,0.170,0.500,0.000,0.510,0.220,0
0.290,0.260,0.430,0.170,0.500,0.000,0.550,0.300,0
0.450,0.410,0.500,0.460,0.500,0.500,0.500,0.270,0
0.440,0.380,0.480,0.320,0.500,0.830,0.530,0.220,0
0.370,0.530,0.600,0.190,0.500,0.500,0.420,0.220,0
0.440,0.530,0.520,0.230,0.500,0.830,0.510,0.220,0
0.460,0.480,0.440,0.210,0.500,0.000,0.550,0.220,0
0.520,0.500,0.530,0.100,0.500,0.000,0.480,0.220,0
0.680,0.580,0.510,0.190,0.500,0.830,0.540,0.220,0
0.420,0.500,0.530,0.220,0.500,0.830,0.500,0.220,0
0.490,0.270,0.570,0.180,0.500,0.830,0.540,0.220,0
0.500,0.500,0.540,0.160,0.500,0.000,0.490,0.220,0
0.470,0.430,0.590,0.270,0.500,0.000,0.550,0.220,0
0.680,0.590,0.440,0.490,0.500,0.000,0.400,0.260,0
0.500,0.510,0.570,0.270,0.500,0.000,0.480,0.220,0
0.460,0.370,0.480,0.360,0.500,0.000,0.480,0.220,0
0.320,0.680,0.510,0.160,0.500,0.830,0.550,0.220,0
0.400,0.400,0.430,0.190,0.500,0.830,0.480,0.220,0
0.570,0.520,0.460,0.200,0.500,0.830,0.520,0.410,0
0.740,0.750,0.450,0.440,0.500,0.000,0.520,0.220,0
0.690,0.600,0.510,0.130,0.500,0.830,0.520,0.220,0
0.820,0.630,0.470,0.180,0.500,0.000,0.500,0.220,0
0.370,0.360,0.560,0.180,0.500,0.000,0.480,0.260,1
0.740,0.570,0.510,0.280,0.500,0.000,0.580,0.220,1
0.700,0.650,0.540,0.280,0.500,0.000,0.600,0.400,1
0.360,0.680,0.380,0.080,0.500,0.000,0.530,0.250,1
0.420,0.320,0.480,0.160,0.500,0.000,0.550,0.220,1
0.510,0.460,0.490,0.210,0.500,0.000,0.550,0.220,1
0.800,0.820,0.570,0.260,0.500,0.000,0.570,0.270,1
0.460,0.490,0.450,0.280,0.500,0.000,0.550,0.220,1
0.400,0.360,0.550,0.150,0.500,0.000,0.530,0.220,1
0.400,0.390,0.330,0.170,0.500,0.000,0.510,0.310,1
0.750,0.690,0.480,0.130,0.500,0.000,0.570,0.400,1
0.630,0.550,0.530,0.510,0.500,0.000,0.550,0.220,1
0.700,0.780,0.530,0.240,0.500,0.000,0.480,0.220,1
0.580,0.430,0.320,0.110,0.500,0.000,0.490,0.220,1
0.490,0.500,0.420,0.430,0.500,0.000,0.500,0.360,1
0.550,0.440,0.500,0.090,0.500,0.000,0.550,0.220,1
0.360,0.510,0.510,0.170,0.500,0.000,0.520,0.220,1
0.680,0.680,0.350,0.160,0.500,0.000,0.620,0.220,1
0.440,0.350,0.550,0.140,0.500,0.000,0.520,0.220,1
0.730,0.590,0.350,0.150,0.500,0.000,0.540,0.220,1
0.600,0.370,0.520,0.150,0.500,0.000,0.550,0.260,1
0.640,0.610,0.560,0.150,0.500,0.000,0.540,0.220,1
0.480,0.580,0.580,0.120,0.500,0.000,0.490,0.220,1
0.650,0.580,0.530,0.210,0.500,0.000,0.510,0.220,1
0.480,0.490,0.490,0.260,0.500,0.000,0.390,0.270,1
0.570,0.540,0.320,0.150,0.500,0.000,0.520,0.250,1
0.570,0.470,0.480,0.170,0.500,0.000,0.520,0.260,1
0.280,0.460,0.260,0.180,0.500,0.000,0.390,0.220,1
0.690,0.700,0.500,0.300,0.500,0.000,0.540,0.220,1
0.400,0.360,0.320,0.160,0.500,0.000,0.510,0.270,1
